{"cameraMode":{"drawMode":0,"name":"Shaded","section":"Shading Mode"},"sceneLighting":true,"audioPlay":false,"sceneViewState":{"showFog":true,"showMaterialUpdate":false,"showSkybox":true,"showFlares":true,"showImageEffects":true,"showParticleSystems":true},"in2DMode":false,"pivot":{"x":215.10079956054688,"y":168.1695098876953,"z":0.0},"rotation":{"x":-0.041678037494421008,"y":0.0029925527051091196,"z":0.00012447647168301046,"w":0.9991281032562256},"size":270.525146484375,"orthographic":true}